type,id,name,shortName,location,market,status,siteId,pronunciation,callSign,signal,fin,col,rawStreamUrl,historyJsonUrl,description,category,stationIds,locationInSite,storageLocation,make,modelNumber,serialNumber,ipAddress,url,username,installDate,notesBOM,controllerId,tpo,erp,paModuleType,powerSupplyType,filamentType,fuseType,airFilterSize,lastPaChangeDate,lastPsuChangeDate,lastFilamentChangeDate,lastFilterChangeDate,fuseStock,filterCount,exciterOutput,vin,licensePlate,useType,blowerBeltType,beltCount,batteryModel,lastBatteryChangeDate,batteryCount,lastRefuelDate,fuelLevelPercent,greaseType,greaseNeeded,quantity,servicesModel,compatibleEquipment,networks,maintenanceHistory,attachments,archivedAt
SITE,site-boi-nampa,Nampa Studio,NMP,1419 N. Franklin Blvd, Nampa, ID 83687,Treasure Valley,,,,,,,,,,,,,,networks,maintenanceHistory,,
SITE,site-boi-middleton,Middleton Site,MID,Middleton, ID,Treasure Valley,,,,,,,,,,,,,,networks,maintenanceHistory,,
SITE,site-boi-deerpoint,Deer Point Site,DP,Deer Point, ID,Treasure Valley,,,,,,,,,,,,,,networks,maintenanceHistory,,
SITE,site-boi-claypeak,Clay Peak Site,CLAY,Clay Peak, ID,Treasure Valley,,,,,,,,,,,,,,networks,maintenanceHistory,,
SITE,site-tf-jerome,Jerome Butte Site,JERB,Jerome Butte, ID,Magic Valley,,,,,,,,,,,,,,networks,maintenanceHistory,,
SITE,site-tf-picabo,Picabo Site,PIC,Picabo, ID,Magic Valley,,,,,,,,,,,,,,networks,maintenanceHistory,,
SITE,site-tf-studio,Twin Falls Studio,TWN,158 mainstream, Twin Falls, ID 83301,Magic Valley,,,,,,,,,,,,,,networks,maintenanceHistory,,
STATION,sta-kqbl,101.9 The Bull,,Treasure Valley,site-boi-deerpoint,101 point Nine The Bull,KQBL,101.9,54509,Emmett, ID,https://ice64.securenetsystems.net/KQBL,https://streamdb6web.securenetsystems.net/player_status_update/KQBL_history.txt,,,,,,,,,,,,,,,
STATION,sta-kwyd,Wild 101,,Treasure Valley,site-boi-middleton,Wild One Oh One,KWYD,101.1,7377,Parma, ID,https://ice9.securenetsystems.net/KWYD,https://streamdb6web.securenetsystems.net/player_status_update/KWYD_history.txt,,,,,,,,,,,,,,,
STATION,sta-kzmg,My 102.7,,Treasure Valley,site-boi-deerpoint,My One Oh Two point Seven,KZMG,102.7,164141,Melba, ID,https://ice9.securenetsystems.net/KZMG,https://streamdb6web.securenetsystems.net/player_status_update/KZMG_history.txt,,,,,,,,,,,,,,,
STATION,sta-ksrv,96.1 BOB FM,,Treasure Valley,site-boi-deerpoint,Ninety-Six point One Bob FM,KSRV,96.1,35638,Ontario, OR,https://ice64.securenetsystems.net/KSRV,https://streamdb6web.securenetsystems.net/player_status_update/KSRV_history.txt,,,,,,,,,,,,,,,
STATION,sta-irock-991,IRock 99.1,,Treasure Valley,site-boi-deerpoint,Eye Rock Ninety-Nine point One,K256CZ/KQBL HD2,99.1,86932,Boise, ID,https://ice64.securenetsystems.net/KQBLHD2,https://streamdb9web.securenetsystems.net/player_status_update/KQBLHD2_history.txt,,,,,,,,,,,,,,,
STATION,sta-kool-1015,KOOL 101.5,,Treasure Valley,site-boi-claypeak,Cool One Oh One point Five,K268CU/KKOO/KZMG HD-2,101.5,67613/156838,Weiser, ID/Melba, ID,https://ice5.securenetsystems.net/KKOO,https://streamdb6web.securenetsystems.net/player_status_update/KKOO_history.txt,,,,,,,,,,,,,,,
STATION,sta-fox-999,99.9 Fox Sports Boise,,Treasure Valley,site-boi-deerpoint,Ninety-Nine point Nine Fox Sports Boise,KSRV HD-2/K260CU,99.9,141145,Ontario, OR,https://ice64.securenetsystems.net/KSRVHD2,https://streamdb8web.securenetsystems.net/player_status_update/KSRVHD2_history.txt,,,,,,,,,,,,,,,
STATION,sta-alt-965,96.5 The Alternative,,Treasure Valley,site-boi-deerpoint,Ninety-Six point Five The Alternative,K243BM/KQBL HD3,96.5,121992,Boise, ID,https://ice9.securenetsystems.net/KQBLHD3,https://streamdb6web.securenetsystems.net/player_status_update/KQBLHD3_history.txt,,,,,,,,,,,,,,,
STATION,sta-kirq,Sunny 106.7,,Magic Valley,site-tf-picabo,Sunny One Oh Six point Seven,KIRQ,106.7,166021,Hailey, ID,https://ice9.securenetsystems.net/KIRQ,https://streamdb6web.securenetsystems.net/player_status_update/KIRQ_history.txt,,,,,,,,,,,,,,,
STATION,sta-kyun,102.1 The Bull,,Magic Valley,site-tf-jerome,One Oh Two point One The Bull,KYUN,102.1,164129,Twin Falls, ID,https://ice9.securenetsystems.net/KYUN,https://streamdb6web.securenetsystems.net/player_status_update/KYUN_history.txt,,,,,,,,,,,,,,,
STATION,sta-ktpz,92.7 The Music Monster,,Magic Valley,site-tf-jerome,Ninety-Two point Seven The Music Monster,KTPZ,92.7,164127,Hazelton, ID,https://ice9.securenetsystems.net/KTPZ,https://streamdb6web.securenetsystems.net/player_status_update/KTPZ_history.txt,,,,,,,,,,,,,,,
STATION,sta-kikx,104.7 BOB FM,,Magic Valley,site-tf-picabo,One Oh Four point Seven Bob FM,KIKX,104.7,28217,Ketchum, ID,https://ice9.securenetsystems.net/KIKX,https://streamdb6web.securenetsystems.net/player_status_update/KIKX_history.txt,,,,,,,,,,,,,,,
STATION,sta-irock-1051,105.1 IRock,,Magic Valley,site-tf-studio,One Oh Five point One Eye Rock,KYUN-HD2/K286CH,105.1,151707,Twin Falls, ID,https://ice9.securenetsystems.net/KYUNHD2,https://streamdb6web.securenetsystems.net/player_status_update/KYUNHD2_history.txt,,,,,,,,,,,,,,,
STATION,sta-magic-951,Magic 95.1,,Magic Valley,site-tf-studio,Magic Ninety-Five point One,KYUN-HD3/K236BS,95.1,145689,Twin Falls, ID,https://ice9.securenetsystems.net/KYUNHD3,https://streamdb6web.securenetsystems.net/player_status_update/KYUNHD3_history.txt,,,,,,,,,,,,,,,
EQUIPMENT,eq-nmp-biz-1,NMP - Network - IMG NAS Drive,,,IMG NAS Drive,,,,,,,10.18.50.1,,,,,,,
EQUIPMENT,eq-nmp-biz-2,NMP - Computer - Hoff Sever,,,Hoff Sever,,,,,,,10.18.50.2,,,,,,,
EQUIPMENT,eq-nmp-biz-3,NMP - Other - Sales Printer,,,Sales Printer,,,,,,,10.18.50.3,,,,,,,
EQUIPMENT,eq-nmp-biz-4,NMP - Computer - IMG Camera sever,,,IMG Camera sever,,,,,,,10.18.50.4,,,,,,,
EQUIPMENT,eq-nmp-biz-5,NMP - Computer - Middleton NVR,,,Middleton NVR,,,,,,,10.18.50.5,,,,,,,
EQUIPMENT,eq-nmp-biz-6,NMP - Computer - Eng Command,,,Eng Command,,,,,,,10.18.50.6,,,,,,,
EQUIPMENT,eq-nmp-biz-7,NMP - Network - WireGuard,,,WireGuard,,,,,,,10.18.50.7,,,,,,,
EQUIPMENT,eq-nmp-biz-25,NMP - Other - IRG-DC1,,,IRG-DC1,,,,,,,10.18.50.25,,,,,,,
EQUIPMENT,eq-nmp-biz-26,NMP - Other - IRG-DC2,,,IRG-DC2,,,,,,,10.18.50.26,,,,,,,
EQUIPMENT,eq-nmp-biz-30,NMP - Network - PF SENSE,,,PF SENSE,,,,,,,10.18.50.30,,,,,,,
EQUIPMENT,eq-nmp-biz-35,NMP - Other - J-LSlingHDD,,,J-LSlingHDD,,,,,,,10.18.50.35,,,,,,,
EQUIPMENT,eq-nmp-biz-40,NMP - Other - IRG-IPROFILER,,,IRG-IPROFILER,,,,,,,10.18.50.40,,,,,,,
EQUIPMENT,eq-nmp-biz-41,NMP - Computer - KZMG-Micropc-1,,,KZMG-Micropc-1,,,,,,,10.18.50.41,,,,,,,
EQUIPMENT,eq-nmp-biz-42,NMP - Computer - KZMG-Micropc-2,,,KZMG-Micropc-2,,,,,,,10.18.50.42,,,,,,,
EQUIPMENT,eq-nmp-biz-43,NMP - Computer - KZMG-INTPC,,,KZMG-INTPC,,,,,,,10.18.50.43,,,,,,,
EQUIPMENT,eq-nmp-biz-44,NMP - Computer - KSRV-VOX-PC,,,KSRV-VOX-PC,,,,,,,10.18.50.44,,,,,,,
EQUIPMENT,eq-nmp-biz-45,NMP - Network - DISPATCH (NAS),,,DISPATCH (NAS),,,,,,,10.18.50.45,,,,,,,
EQUIPMENT,eq-nmp-biz-50,NMP - Other - HP Printer Traffic,,,HP Printer Traffic,,,,,,,10.18.50.50,,,,,,,
EQUIPMENT,eq-nmp-biz-51,NMP - Other - BM HP printer,,,BM HP printer,,,,,,,10.18.50.51,,,,,,,
EQUIPMENT,eq-nmp-biz-55,NMP - Other - Studio/Programming Printer,,,Studio/Programming Printer,,,,,,,10.18.50.55,,,,,,,
EQUIPMENT,eq-nmp-biz-58,NMP - Computer - KQBL-INTPC,,,KQBL-INTPC,,,,,,,10.18.50.58,,,,,,,
EQUIPMENT,eq-nmp-biz-70,NMP - Cameras - Nampa Back Hallway,,,Nampa Back Hallway,,,,,,,10.18.50.70,,,,,,,
EQUIPMENT,eq-nmp-biz-71,NMP - Cameras - Nampa Common Area 1,,,Nampa Common Area 1,,,,,,,10.18.50.71,,,,,,,
EQUIPMENT,eq-nmp-biz-72,NMP - Cameras - Nampa Common Area 2,,,Nampa Common Area 2,,,,,,,10.18.50.72,,,,,,,
EQUIPMENT,eq-nmp-biz-73,NMP - Cameras - Nampa Common Area 3,,,Nampa Common Area 3,,,,,,,10.18.50.73,,,,,,,
EQUIPMENT,eq-nmp-biz-74,NMP - Cameras - NAMPA LOBBY,,,NAMPA LOBBY,,,,,,,10.18.50.74,,,,,,,
EQUIPMENT,eq-nmp-biz-75,NMP - Cameras - NAMPA PROMO OFFICE,,,NAMPA PROMO OFFICE,,,,,,,10.18.50.75,,,,,,,
EQUIPMENT,eq-nmp-biz-76,NMP - Cameras - NAMPA RECEPTION,,,NAMPA RECEPTION,,,,,,,10.18.50.76,,,,,,,
EQUIPMENT,eq-nmp-biz-77,NMP - Cameras - HOFF LOBBY,,,HOFF LOBBY,,,,,,,10.18.50.77,,,,,,,
EQUIPMENT,eq-nmp-biz-78,NMP - Cameras - HOFF EAST HALL,,,HOFF EAST HALL,,,,,,,10.18.50.78,,,,,,,
EQUIPMENT,eq-nmp-biz-79,NMP - Cameras - HOFF SOUTH HALL,,,HOFF SOUTH HALL,,,,,,,10.18.50.79,,,,,,,
EQUIPMENT,eq-nmp-biz-80,NMP - Cameras - HOFF NORTH HALL,,,HOFF NORTH HALL,,,,,,,10.18.50.80,,,,,,,
EQUIPMENT,eq-nmp-biz-81,NMP - Cameras - DEER PT CAM 1,,,DEER PT CAM 1,,,,,,,10.18.50.81,,,,,,,
EQUIPMENT,eq-nmp-biz-82,NMP - Cameras - DEER PT CAM 2,,,DEER PT CAM 2,,,,,,,10.18.50.82,,,,,,,
EQUIPMENT,eq-nmp-biz-83,NMP - Cameras - DEER PT CAM 3,,,DEER PT CAM 3,,,,,,,10.18.50.83,,,,,,,
EQUIPMENT,eq-nmp-biz-85,NMP - Network - Ubiquti DP Radio,,,Ubiquti DP Radio,,,,,,,10.18.50.85,,,,,,,
EQUIPMENT,eq-nmp-biz-86,NMP - Network - Ubiquti Hoff Radio,,,Ubiquti Hoff Radio,,,,,,,10.18.50.86,,,,,,,
EQUIPMENT,eq-nmp-biz-98,NMP - Network - Production Drive (IRG-ProdDrive),,,Production Drive (IRG-ProdDrive),,,,,,,10.18.50.98,,,,,,,
EQUIPMENT,eq-nmp-biz-99,NMP - Computer - IRG-SECURSERVER,,,IRG-SECURSERVER,,,,,,,10.18.50.99,,,,,,,
EQUIPMENT,eq-nmp-biz-105,NMP - Computer - KWYD-INTPC,,,KWYD-INTPC,,,,,,,10.18.50.105,,,,,,,
EQUIPMENT,eq-nmp-biz-109,NMP - Computer - IMG-SALES-MAINROOM,,,IMG-SALES-MAINROOM,,,,,,,10.18.50.109,,,,,,,
EQUIPMENT,eq-nmp-biz-110,NMP - Computer - IMG-TRAFFIC,,,IMG-TRAFFIC,,,,,,,10.18.50.110,,,,,,,
EQUIPMENT,eq-nmp-biz-111,NMP - Computer - TRAFFIC-5,,,TRAFFIC-5,,,,,,,10.18.50.111,,,,,,,
EQUIPMENT,eq-nmp-biz-117,NMP - Computer - Zabbix Docker (Linux Server),,,Zabbix Docker (Linux Server),,,,,,,10.18.50.117,,,,,,,
EQUIPMENT,eq-nmp-biz-120,NMP - Other - BRN30055C447207,,,BRN30055C447207,,,,,,,10.18.50.120,,,,,,,
EQUIPMENT,eq-nmp-biz-124,NMP - Computer - IRG_OPS_MAN_PC,,,IRG_OPS_MAN_PC,,,,,,,10.18.50.124,,,,,,,
EQUIPMENT,eq-nmp-biz-125,NMP - Computer - IMG-DMS-LAPTOP1,,,IMG-DMS-LAPTOP1,,,,,,,10.18.50.125,,,,,,,
EQUIPMENT,eq-nmp-biz-127,NMP - Computer - IRG-NAMPA-GM,,,IRG-NAMPA-GM,,,,,,,10.18.50.127,,,,,,,
EQUIPMENT,eq-nmp-biz-143,NMP - Computer - NAMPA-CONF-RM,,,NAMPA-CONF-RM,,,,,,,10.18.50.143,,,,,,,
EQUIPMENT,eq-nmp-biz-148,NMP - Computer - IMG-PROD-LT,,,IMG-PROD-LT,,,,,,,10.18.50.148,,,,,,,
EQUIPMENT,eq-nmp-biz-155,NMP - Computer - IRG-CEO-PC,,,IRG-CEO-PC,,,,,,,10.18.50.155,,,,,,,
EQUIPMENT,eq-nmp-biz-159,NMP - Computer - IRG-PROMO-PC2,,,IRG-PROMO-PC2,,,,,,,10.18.50.159,,,,,,,
EQUIPMENT,eq-nmp-biz-161,NMP - Computer - IRG-KWYD-APD,,,IRG-KWYD-APD,,,,,,,10.18.50.161,,,,,,,
EQUIPMENT,eq-nmp-biz-163,NMP - Computer - IRG-FRONTDESK,,,IRG-FRONTDESK,,,,,,,10.18.50.163,,,,,,,
EQUIPMENT,eq-nmp-biz-172,NMP - Computer - IMG-FRONTDESK,,,IMG-FRONTDESK,,,,,,,10.18.50.172,,,,,,,
EQUIPMENT,eq-nmp-biz-175,NMP - Computer - IMG-KQBL-AD,,,IMG-KQBL-AD,,,,,,,10.18.50.175,,,,,,,
EQUIPMENT,eq-nmp-biz-177,NMP - Computer - IMG-SALES-15,,,IMG-SALES-15,,,,,,,10.18.50.177,,,,,,,
EQUIPMENT,eq-nmp-biz-190,NMP - Computer - IMG-SALES-2,,,IMG-SALES-2,,,,,,,10.18.50.190,,,,,,,
EQUIPMENT,eq-nmp-biz-191,NMP - Network - Unifi Temp Network,,,Unifi Temp Network,,,,,,,10.18.50.191,,,,,,,
EQUIPMENT,eq-nmp-biz-199,NMP - Computer - IMG-BOI-SALES-2,,,IMG-BOI-SALES-2,,,,,,,10.18.50.199,,,,,,,
EQUIPMENT,eq-nmp-biz-201,NMP - Computer - Deer Point PC,,,Deer Point PC,,,,,,,10.18.50.201,,,,,,,
EQUIPMENT,eq-nmp-biz-210,NMP - Computer - IRG-OPS-MAN (JAMES),,,IRG-OPS-MAN (JAMES),,,,,,,10.18.50.210,,,,,,,
EQUIPMENT,eq-nmp-biz-213,NMP - Computer - IRG-ITDIR,,,IRG-ITDIR,,,,,,,10.18.50.213,,,,,,,
EQUIPMENT,eq-nmp-biz-214,NMP - Computer - TRAFFIC-M,,,TRAFFIC-M,,,,,,,10.18.50.214,,,,,,,
EQUIPMENT,eq-nmp-biz-215,NMP - Computer - IRG-TRAFFIC3,,,IRG-TRAFFIC3,,,,,,,10.18.50.215,,,,,,,
EQUIPMENT,eq-nmp-biz-216,NMP - Computer - Hoff Prod PC,,,Hoff Prod PC,,,,,,,10.18.50.216,,,,,,,
EQUIPMENT,eq-nmp-biz-220,NMP - Computer - IRG-ENG-PC2,,,IRG-ENG-PC2,,,,,,,10.18.50.220,,,,,,,
EQUIPMENT,eq-nmp-stu-7,NMP - Network - WireGuard,,,WireGuard,,,,,,,10.18.60.7,,,,,,,
EQUIPMENT,eq-nmp-stu-11,NMP - Computer - KWYD G-4,,,KWYD G-4,,,,,,,10.18.60.11,,,,,,,
EQUIPMENT,eq-nmp-stu-12,NMP - Computer - KNFL G-4,,,KNFL G-4,,,,,,,10.18.60.12,,,,,,,
EQUIPMENT,eq-nmp-stu-13,NMP - Computer - KQBL G-4,,,KQBL G-4,,,,,,,10.18.60.13,,,,,,,
EQUIPMENT,eq-nmp-stu-14,NMP - Computer - KZMG G-4,,,KZMG G-4,,,,,,,10.18.60.14,,,,,,,
EQUIPMENT,eq-nmp-stu-15,NMP - Computer - PROD2 G-4,,,PROD2 G-4,,,,,,,10.18.60.15,,,,,,,
EQUIPMENT,eq-nmp-stu-17,NMP - Other - KSRV-FM-RBDS UDP (RDI 20),,,KSRV-FM-RBDS UDP (RDI 20),,,,,,,10.18.60.17,,,,PORT:1005,,,
EQUIPMENT,eq-nmp-stu-30,NMP - Network - Studio Gateway,,,Studio Gateway,,,,,,,10.18.60.30,,,,,,,
EQUIPMENT,eq-nmp-stu-31,NMP - Network - Xoomlink GATEWAY Deer Pt.,,,Xoomlink GATEWAY Deer Pt.,,,,,,,10.18.60.31,,,,,,,
EQUIPMENT,eq-nmp-stu-40,NMP - Audio Processor - vocco 8 kqbl studio,,,vocco 8 kqbl studio,,,,,,,10.18.60.40,,,,,,,
EQUIPMENT,eq-nmp-stu-41,NMP - Other - KZMG RBDS (INOVON 730),,,KZMG RBDS (INOVON 730),,,,,,,10.18.60.41,,,,,,,
EQUIPMENT,eq-nmp-stu-42,NMP - Other - KQBL RBDS (INOVON 730),,,KQBL RBDS (INOVON 730),,,,,,,10.18.60.42,,,,PORT:1005,,,
EQUIPMENT,eq-nmp-stu-43,NMP - Computer - WO-KSRV-HD2,,,WO-KSRV-HD2,,,,,,,10.18.60.43,,,,,,,
EQUIPMENT,eq-nmp-stu-44,NMP - Other - KSRV HD2 730 RDS,,,KSRV HD2 730 RDS,,,,,,,10.18.60.44,,,,,,,
EQUIPMENT,eq-nmp-stu-50,NMP - Network - DISPATCH NAS,,,DISPATCH NAS,,,,,,,10.18.60.50,,,,,,,
EQUIPMENT,eq-nmp-stu-51,NMP - Computer - Josh pc,,,Josh pc,,,,,,,10.18.60.51,,,,,,,
EQUIPMENT,eq-nmp-stu-52,NMP - Computer - Cody pc,,,Cody pc,,,,,,,10.18.60.52,,,,,,,
EQUIPMENT,eq-nmp-stu-58,NMP - Computer - KQBLFM-PLAYLIST,,,KQBLFM-PLAYLIST,,,,,,,10.18.60.58,,,,,,,
EQUIPMENT,eq-nmp-stu-60,NMP - Other - engxpoint,,,engxpoint,,,,,,,10.18.60.60,,,,,,,
EQUIPMENT,eq-nmp-stu-61,NMP - Computer - IMG-KZMG-MORN-LT,,,IMG-KZMG-MORN-LT,,,,,,,10.18.60.61,,,,,,,
EQUIPMENT,eq-nmp-stu-62,NMP - Computer - engineer-remote,,,engineer-remote,,,,,,,10.18.60.62,,,,,,,
EQUIPMENT,eq-nmp-stu-67,NMP - Computer - IAN-PC-2024,,,IAN-PC-2024,,,,,,,10.18.60.67,,,,,,,
EQUIPMENT,eq-nmp-stu-68,NMP - Computer - KSRV-ADOBE,,,KSRV-ADOBE,,,,,,,10.18.60.68,,,,,,,
EQUIPMENT,eq-nmp-stu-72,NMP - Computer - KZMG-PLAYLISTPC,,,KZMG-PLAYLISTPC,,,,,,,10.18.60.72,,,,,,,
EQUIPMENT,eq-nmp-stu-74,NMP - Computer - IMG-TRAFFIC-PROD,,,IMG-TRAFFIC-PROD,,,,,,,10.18.60.74,,,,,,,
EQUIPMENT,eq-nmp-stu-75,NMP - Other - SAGE - EAS,,,SAGE - EAS,,,,,,,10.18.60.75,,,,,,,
EQUIPMENT,eq-nmp-stu-76,NMP - Other - Barrix (670 link to Twin),,,Barrix (670 link to Twin),,,,,,,10.18.60.76,,,,,,,
EQUIPMENT,eq-nmp-stu-81,NMP - Computer - KQBL-HD3 Streaming PC,,,KQBL-HD3 Streaming PC,,,,,,,10.18.60.81,,,,,,,
EQUIPMENT,eq-nmp-stu-83,NMP - Other - Multi stream,,,Multi stream,,,,,,,10.18.60.83,,,,,,,
EQUIPMENT,eq-nmp-stu-85,NMP - STL - middleton link,,,middleton link,,,,,,,10.18.60.85,,,,,,,
EQUIPMENT,eq-nmp-stu-86,NMP - Computer - IMG-PROD-PC1,,,IMG-PROD-PC1,,,,,,,10.18.60.86,,,,,,,
EQUIPMENT,eq-nmp-stu-91,NMP - Other - Burk Plus-X,,,Burk Plus-X,,,,,,,10.18.60.91,,,,,,,
EQUIPMENT,eq-nmp-stu-92,NMP - Audio Processor - Sound4 processor,,,Sound4 processor,,,,,,,10.18.60.92,,,,,,,
EQUIPMENT,eq-nmp-stu-93,NMP - Other - KWYD RBDS,,,KWYD RBDS,,,,,,,10.18.60.93,,,,,,,
EQUIPMENT,eq-nmp-stu-94,NMP - Other - Connect One,,,Connect One,,,,,,,10.18.60.94,,,,,,,
EQUIPMENT,eq-nmp-stu-95,NMP - Other - antenna switch,,,antenna switch,,,,,,,10.18.60.95,,,,,,,
EQUIPMENT,eq-nmp-stu-96,NMP - Exciter - BW exciter,,,BW exciter,,,,,,,10.18.60.96,,,,,,,
EQUIPMENT,eq-nmp-stu-97,NMP - Audio Processor - BU processor,,,BU processor,,,,,,,10.18.60.97,,,,,,,
EQUIPMENT,eq-nmp-stu-98,NMP - Other - KWYD Power Meter - Transmitter,,,KWYD Power Meter - Transmitter,,,,,,,10.18.60.98,,,,,,,
EQUIPMENT,eq-nmp-stu-99,NMP - Other - KWYD Power Meter - Combiner,,,KWYD Power Meter - Combiner,,,,,,,10.18.60.99,,,,,,,
EQUIPMENT,eq-nmp-stu-100,NMP - Other - Light controler,,,Light controler,,,,,,,10.18.60.100,,,,,,,
EQUIPMENT,eq-nmp-stu-104,NMP - Cameras - cam inside,,,cam inside,,,,,,,10.18.60.104,,,,,,,
EQUIPMENT,eq-nmp-stu-105,NMP - Cameras - cam outside,,,cam outside,,,,,,,10.18.60.105,,,,,,,
EQUIPMENT,eq-nmp-stu-107,NMP - Other - NRV,,,NRV,,,,,,,10.18.60.107,,,,,,,
EQUIPMENT,eq-nmp-stu-108,NMP - Other - ATS 32,,,ATS 32,,,,,,,10.18.60.108,,,,,,,
EQUIPMENT,eq-nmp-stu-109,NMP - Computer - IRG-SECURSERVER,,,IRG-SECURSERVER,,,,,,,10.18.60.109,,,,,,,
EQUIPMENT,eq-nmp-stu-113,NMP - Other - Flexiva,,,Flexiva,,,,,,,10.18.60.113,,,,,,,
EQUIPMENT,eq-nmp-stu-117,NMP - Other - RDI 20,,,RDI 20,,,,,,,10.18.60.117,,,,,,,
EQUIPMENT,eq-nmp-stu-119,NMP - Computer - TRAFFIC-5,,,TRAFFIC-5,,,,,,,10.18.60.119,,,,,,,
EQUIPMENT,eq-nmp-stu-120,NMP - Network - Switch 0 Nampa,,,Switch 0 Nampa,,,,,,,10.18.60.120,,,,,,,
EQUIPMENT,eq-nmp-stu-121,NMP - Network - Switch 1 Nampa,,,Switch 1 Nampa,,,,,,,10.18.60.121,,,,,,,
EQUIPMENT,eq-nmp-stu-122,NMP - Network - Switch 2 Nampa,,,Switch 2 Nampa,,,,,,,10.18.60.122,,,,,,,
EQUIPMENT,eq-nmp-stu-123,NMP - Network - Switch 3 Deer Pt,,,Switch 3 Deer Pt,,,,,,,10.18.60.123,,,,,,,
EQUIPMENT,eq-nmp-stu-124,NMP - Network - Switch 4 Deer Pt,,,Switch 4 Deer Pt,,,,,,,10.18.60.124,,,,,,,
EQUIPMENT,eq-nmp-stu-125,NMP - Network - Switch 5 (POE) Hoff,,,Switch 5 (POE) Hoff,,,,,,,10.18.60.125,,,,,,,
EQUIPMENT,eq-nmp-stu-126,NMP - Network - Switch 6 (POE) Hoff,,,Switch 6 (POE) Hoff,,,,,,,10.18.60.126,,,,,,,
EQUIPMENT,eq-nmp-stu-127,NMP - Network - Switch 7 Hoff Prod,,,Switch 7 Hoff Prod,,,,,,,10.18.60.127,,,,,,,
EQUIPMENT,eq-nmp-stu-128,NMP - Network - Switch 8 Middleton,,,Switch 8 Middleton,,,,,,,10.18.60.128,,,,,,,
EQUIPMENT,eq-nmp-stu-129,NMP - Network - Deer Netgear,,,Deer Netgear,,,,,,,10.18.60.129,,,,,,,
EQUIPMENT,eq-nmp-stu-135,NMP - Other - BROTHER Printer,,,BROTHER Printer,,,,,,,10.18.60.135,,,,,,,
EQUIPMENT,eq-nmp-stu-141,NMP - Other - HD MOD mon,,,HD MOD mon,,,,,,,10.18.60.141,,,,,,,
EQUIPMENT,eq-nmp-stu-142,NMP - Other - Burk ARC-16,,,Burk ARC-16,,,,,,,10.18.60.142,,,,,,,
EQUIPMENT,eq-nmp-stu-143,NMP - Other - ARCPlus,,,ARCPlus,,,,,,,10.18.60.143,,,,,,,
EQUIPMENT,eq-nmp-stu-144,NMP - Computer - IRG-CALLSCR,,,IRG-CALLSCR,,,,,,,10.18.60.144,,,,,,,
EQUIPMENT,eq-nmp-stu-145,NMP - STL - BRIC LINK,,,BRIC LINK,,,,,,,10.18.60.145,,,,port 8080,,,
EQUIPMENT,eq-nmp-stu-146,NMP - STL - BRIC LINK,,,BRIC LINK,,,,,,,10.18.60.146,,,,port 8087,,,
EQUIPMENT,eq-nmp-stu-147,NMP - Other - ESPN X

System: DS1,,,ESPN XDS1,,,,,,,10.18.60.147,,,,,,,
EQUIPMENT,eq-nmp-stu-148,NMP - Other - Flexiva,,,Flexiva,,,,,,,10.18.60.148,,,,,,,
EQUIPMENT,eq-nmp-stu-149,NMP - Other - ESPN XDS2,,,ESPN XDS2,,,,,,,10.18.60.149,,,,,,,
EQUIPMENT,eq-nmp-stu-150,NMP - Other - Premiere XDS1,,,Premiere XDS1,,,,,,,10.18.60.150,,,,,,,
EQUIPMENT,eq-nmp-stu-151,NMP - Other - Premiere XDS2,,,Premiere XDS2,,,,,,,10.18.60.151,,,,,,,
EQUIPMENT,eq-nmp-stu-160,NMP - Network - BRIDGE ROUTER,,,BRIDGE ROUTER,,,,,,,10.18.60.160,,,,,,,
EQUIPMENT,eq-nmp-stu-161,NMP - Other - KKOO RDS,,,KKOO RDS,,,,,,,10.18.60.161,,,,,,,
EQUIPMENT,eq-nmp-stu-163,NMP - Computer - BOI-INGEST-SVR,,,BOI-INGEST-SVR,,,,,,,10.18.60.163,,,,,,,
EQUIPMENT,eq-nmp-stu-164,NMP - Other - Inovonics aaron 650,,,Inovonics aaron 650,,,,,,,10.18.60.164,,,,,,,
EQUIPMENT,eq-nmp-stu-165,NMP - Computer - Silence sense PC,,,Silence sense PC,,,,,,,10.18.60.165,,,,,,,
EQUIPMENT,eq-nmp-stu-166,NMP - Network - Barrix (Nampa),,,Barrix (Nampa),,,,,,,10.18.60.166,,,,,,,
EQUIPMENT,eq-nmp-stu-167,NMP - Network - Barrix (Hoff),,,Barrix (Hoff),,,,,,,10.18.60.167,,,,,,,
EQUIPMENT,eq-nmp-stu-168,NMP - STL - DragonWave IP Link,,,DragonWave IP Link,,,,,,,10.18.60.168,,,,,,,
EQUIPMENT,eq-nmp-stu-169,NMP - STL - DragonWave IP Link,,,DragonWave IP Link,,,,,,,10.18.60.169,,,,,,,
EQUIPMENT,eq-nmp-stu-170,NMP - Computer - WO-BOI-CS,,,WO-BOI-CS,,,,,,,10.18.60.170,,,,,,,
EQUIPMENT,eq-nmp-stu-171,NMP - Computer - WO-BOI-PR2,,,WO-BOI-PR2,,,,,,,10.18.60.171,,,,,,,
EQUIPMENT,eq-nmp-stu-172,NMP - Computer - WO-KQBL-FM,,,WO-KQBL-FM,,,,,,,10.18.60.172,,,,,,,
EQUIPMENT,eq-nmp-stu-173,NMP - Computer - WO-KQBL-HD3,,,WO-KQBL-HD3,,,,,,,10.18.60.173,,,,,,,
EQUIPMENT,eq-nmp-stu-174,NMP - Computer - WO-KZMG-FM,,,WO-KZMG-FM,,,,,,,10.18.60.174,,,,,,,
EQUIPMENT,eq-nmp-stu-175,NMP - Computer - WO-KSRV-FM,,,WO-KSRV-FM,,,,,,,10.18.60.175,,,,,,,
EQUIPMENT,eq-nmp-stu-176,NMP - Computer - WO-KKOO-AM,,,WO-KKOO-AM,,,,,,,10.18.60.176,,,,,,,
EQUIPMENT,eq-nmp-stu-177,NMP - Computer - WO-KWYD-FM,,,WO-KWYD-FM,,,,,,,10.18.60.177,,,,,,,
EQUIPMENT,eq-nmp-stu-178,NMP - Computer - WO-KQBL-HD2,,,WO-KQBL-HD2,,,,,,,10.18.60.178,,,,,,,
EQUIPMENT,eq-nmp-stu-179,NMP - Computer - WO-KSRV-HD2,,,WO-KSRV-HD2,,,,,,,10.18.60.179,,,,,,,
EQUIPMENT,eq-nmp-stu-180,NMP - Computer - NEW WO-BOI-CS,,,NEW WO-BOI-CS,,,,,,,10.18.60.180,,,,,,,
EQUIPMENT,eq-nmp-stu-181,NMP - Computer - WO-BOI-RS1A,,,WO-BOI-RS1A,,,,,,,10.18.60.181,,,,,,,
EQUIPMENT,eq-nmp-stu-182,NMP - Computer - WO-BOI-RS1B,,,WO-BOI-RS1B,,,,,,,10.18.60.182,,,,,,,
EQUIPMENT,eq-nmp-stu-183,NMP - Computer - WO-BOI-RS2A,,,WO-BOI-RS2A,,,,,,,10.18.60.183,,,,,,,
EQUIPMENT,eq-nmp-stu-184,NMP - Computer - FUTURE WO-BOI-RS2B,,,FUTURE WO-BOI-RS2B,,,,,,,10.18.60.184,,,,,,,
EQUIPMENT,eq-nmp-stu-185,NMP - Computer - WO-BOI-RC1,,,WO-BOI-RC1,,,,,,,10.18.60.185,,,,,,,
EQUIPMENT,eq-nmp-stu-186,NMP - Computer - WO-BOI-RC2,,,WO-BOI-RC2,,,,,,,10.18.60.186,,,,,,,
EQUIPMENT,eq-nmp-stu-187,NMP - Computer - WO-BOI-RC3,,,WO-BOI-RC3,,,,,,,10.18.60.187,,,,,,,
EQUIPMENT,eq-nmp-stu-188,NMP - Computer - WO-BOI-RC4,,,WO-BOI-RC4,,,,,,,10.18.60.188,,,,,,,
EQUIPMENT,eq-nmp-stu-189,NMP - Computer - WO-BOI-RC5,,,WO-BOI-RC5,,,,,,,10.18.60.189,,,,,,,
EQUIPMENT,eq-nmp-stu-190,NMP - Computer - WO-PAD,,,WO-PAD,,,,,,,10.18.60.190,,,,,,,
EQUIPMENT,eq-nmp-stu-191,NMP - Computer - BOI-Autopilot,,,BOI-Autopilot,,,,,,,10.18.60.191,,,,,,,
EQUIPMENT,eq-nmp-stu-192,NMP - Computer - BOI-PROFILER,,,BOI-PROFILER,,,,,,,10.18.60.192,,,,,,,
EQUIPMENT,eq-nmp-stu-193,NMP - Other - IRG-iProfiler card2,,,IRG-iProfiler card2,,,,,,,10.18.60.193,,,,,,,
EQUIPMENT,eq-nmp-stu-194,NMP - Audio Processor - Wheatstone M-2,,,Wheatstone M-2,,,,,,,10.18.60.194,,,,,,,
EQUIPMENT,eq-nmp-stu-195,NMP - Audio Processor - Voco8 mic processor,,,Voco8 mic processor,,,,,,,10.18.60.195,,,,,,,
EQUIPMENT,eq-nmp-stu-196,NMP - STL - Telos Zip-1 studio 96.5,,,Telos Zip-1 studio 96.5,,,,,,,10.18.60.196,,,,,,,
EQUIPMENT,eq-nmp-stu-197,NMP - STL - Telos Zip-2 studio 99.1/101.5,,,Telos Zip-2 studio 99.1/101.5,,,,,,,10.18.60.197,,,,,,,
EQUIPMENT,eq-nmp-stu-198,NMP - STL - Telos Zip-5 studio 106.3/99.9,,,Telos Zip-5 studio 106.3/99.9,,,,,,,10.18.60.198,,,,,,,
EQUIPMENT,eq-nmp-stu-201,NMP - Computer - IRG-DEERPOINT-PC,,,IRG-DEERPOINT-PC,,,,,,,10.18.60.201,,,,,,,
EQUIPMENT,eq-nmp-stu-202,NMP - Computer - KSRV importer/exporter,,,KSRV importer/exporter,,,,,,,10.18.60.202,,,,,,,
EQUIPMENT,eq-nmp-stu-203,NMP - Audio Processor - 99.9 OMNIA 6,,,99.9 OMNIA 6,,,,,,,10.18.60.203,,,,,,,
EQUIPMENT,eq-nmp-stu-204,NMP - Transmitter - 99.9 FAX 1K,,,99.9 FAX 1K,,,,,,,10.18.60.204,,,,,,,
EQUIPMENT,eq-nmp-stu-205,NMP - Other - Deer Point IP Reboot 1 (KSRV rack),,,Deer Point IP Reboot 1 (KSRV rack),,,,,,,10.18.60.205,,,,,,,
EQUIPMENT,eq-nmp-stu-206,NMP - Power - AC Power Sentinal 2 Plus IP,,,AC Power Sentinal 2 Plus IP,,,,,,,10.18.60.206,,,,,,,
EQUIPMENT,eq-nmp-stu-207,NMP - Transmitter - BW 99.1 Transmitter,,,BW 99.1 Transmitter,,,,,,,10.18.60.207,,,,,,,
EQUIPMENT,eq-nmp-stu-208,NMP - Exciter - KSRV Exciter (Deerpoint),,,KSRV Exciter (Deerpoint),,,,,,,10.18.60.208,,,,,,,
EQUIPMENT,eq-nmp-stu-209,NMP - Computer - KZMG HD-Importer,,,KZMG HD-Importer,,,,,,,10.18.60.209,,,,,,,
EQUIPMENT,eq-nmp-stu-210,NMP - Transmitter - KQBL FAX 30,,,KQBL FAX 30,,,,,,,10.18.60.210,,,,,,,
EQUIPMENT,eq-nmp-stu-211,NMP - Transmitter - KSRV-FM FAX 3K,,,KSRV-FM FAX 3K,,,,,,,10.18.60.211,,,,,,,
EQUIPMENT,eq-nmp-stu-212,NMP - Transmitter - KZMG FAX 3K,,,KZMG FAX 3K,,,,,,,10.18.60.212,,,,,,,
EQUIPMENT,eq-nmp-stu-213,NMP - Transmitter - KQBL FAX 3K,,,KQBL FAX 3K,,,,,,,10.18.60.213,,,,,,,
EQUIPMENT,eq-nmp-stu-214,NMP - Transmitter - K224EP FAX 500,,,K224EP FAX 500,,,,,,,10.18.60.214,,,,,,,
EQUIPMENT,eq-nmp-stu-215,NMP - Transmitter - K243BM FAX 300,,,K243BM FAX 300,,,,,,,10.18.60.215,,,,,,,
EQUIPMENT,eq-nmp-stu-216,NMP - Transmitter - KKOO FAX 1K,,,KKOO FAX 1K,,,,,,,10.18.60.216,,,,,,,
EQUIPMENT,eq-nmp-stu-217,NMP - Transmitter - BW TX-50,,,BW TX-50,,,,,,,10.18.60.217,,,,,,,
EQUIPMENT,eq-nmp-stu-218,NMP - Exciter - KQBL FAX-50 EXCITER,,,KQBL FAX-50 EXCITER,,,,,,,10.18.60.218,,,,,,,
EQUIPMENT,eq-nmp-stu-219,NMP - Other - ESPN RBDS,,,ESPN RBDS,,,,,,,10.18.60.219,,,,,,,
EQUIPMENT,eq-nmp-stu-220,NMP - Other - K224EP RBDS,,,K224EP RBDS,,,,,,,10.18.60.220,,,,,,,
EQUIPMENT,eq-nmp-stu-221,NMP - Audio Processor - KSRV-FM OMNIA 9,,,KSRV-FM OMNIA 9,,,,,,,10.18.60.221,,,,,,,
EQUIPMENT,eq-nmp-stu-222,NMP - Audio Processor - KZMG OMNIA 6,,,KZMG OMNIA 6,,,,,,,10.18.60.222,,,,,,,
EQUIPMENT,eq-nmp-stu-223,NMP - Audio Processor - KQBLHD-3 OMNIA 6,,,KQBLHD-3 OMNIA 6,,,,,,,10.18.60.223,,,,,,,
EQUIPMENT,eq-nmp-stu-224,NMP - Audio Processor - KQBLHD-2 OMNIA 6,,,KQBLHD-2 OMNIA 6,,,,,,,10.18.60.224,,,,,,,
EQUIPMENT,eq-nmp-stu-225,NMP - Audio Processor - KKOO FM OMNIA 6,,,KKOO FM OMNIA 6,,,,,,,10.18.60.225,,,,,,,
EQUIPMENT,eq-nmp-stu-226,NMP - Audio Processor - KZMG OMNIA 9,,,KZMG OMNIA 9,,,,,,,10.18.60.226,,,,,,,
EQUIPMENT,eq-nmp-stu-228,NMP - Audio Processor - 99.1 5700i,,,99.1 5700i,,,,,,,10.18.60.228,,,,,,,
EQUIPMENT,eq-nmp-stu-230,NMP - STL - IP LINK 1 studio 96.1/101.5,,,IP LINK 1 studio 96.1/101.5,,,,,,,10.18.60.230,,,,,,,
EQUIPMENT,eq-nmp-stu-231,NMP - STL - IP LINK 2 studio 101.9/99.1,,,IP LINK 2 studio 101.9/99.1,,,,,,,10.18.60.231,,,,,,,
EQUIPMENT,eq-nmp-stu-232,NMP - STL - IP LINK 3 studio 96.5/102.7,,,IP LINK 3 studio 96.5/102.7,,,,,,,10.18.60.232,,,,,,,
EQUIPMENT,eq-nmp-stu-233,NMP - STL - IP LINK 4 deer 96.1/101.5,,,IP LINK 4 deer 96.1/101.5,,,,,,,10.18.60.233,,,,,,,
EQUIPMENT,eq-nmp-stu-234,NMP - STL - IP LINK 5 deer 101.9/99.1,,,IP LINK 5 deer 101.9/99.1,,,,,,,10.18.60.234,,,,,,,
EQUIPMENT,eq-nmp-stu-235,NMP - STL - IP LINK 6 deer 96.5/102.7,,,IP LINK 6 deer 96.5/102.7,,,,,,,10.18.60.235,,,,,,,
EQUIPMENT,eq-nmp-stu-236,NMP - STL - IP LINK 7 studio 99.9,,,IP LINK 7 studio 99.9,,,,,,,10.18.60.236,,,,,,,
EQUIPMENT,eq-nmp-stu-237,NMP - STL - IP LINK 8 deer 99.9,,,IP LINK 8 deer 99.9,,,,,,,10.18.60.237,,,,,,,
EQUIPMENT,eq-nmp-stu-238,NMP - UPS - UPS Monitor,,,UPS Monitor,,,,,,,10.18.60.238,,,,,,,
EQUIPMENT,eq-nmp-stu-239,NMP - Other - KQBL RBDS,,,KQBL RBDS,,,,,,,10.18.60.239,,,,,,,
EQUIPMENT,eq-nmp-stu-240,NMP - Computer - KQBL IMPORTER,,,KQBL IMPORTER,,,,,,,10.18.60.240,,,,,,,
EQUIPMENT,eq-nmp-stu-241,NMP - Computer - KQBL EXPORTER,,,KQBL EXPORTER,,,,,,,10.18.60.241,,,,,,,
EQUIPMENT,eq-nmp-stu-242,NMP - Other - K243BM RBDS,,,K243BM RBDS,,,,,,,10.18.60.242,,,,,,,
EQUIPMENT,eq-nmp-stu-243,NMP - Other - DAY SEQUERRA M4.2Si (DEER PT),,,DAY SEQUERRA M4.2Si (DEER PT),,,,,,,10.18.60.243,,,,,,,
EQUIPMENT,eq-nmp-stu-244,NMP - Audio Processor - KQBL JUSTIN 808,,,KQBL JUSTIN 808,,,,,,,10.18.60.244,,,,,,,
EQUIPMENT,eq-nmp-stu-245,NMP - Other - KQBL BURK PLUS CONNECT,,,KQBL BURK PLUS CONNECT,,,,,,,10.18.60.245,,,,,,,
EQUIPMENT,eq-nmp-stu-246,NMP - Other - DEER PT DUAL IP-8 ADAPTER 1,,,DEER PT DUAL IP-8 ADAPTER 1,,,,,,,10.18.60.246,,,,,,,
EQUIPMENT,eq-nmp-stu-247,NMP - Other - DEER PT DUAL IP-8 ADAPTER 2,,,DEER PT DUAL IP-8 ADAPTER 2,,,,,,,10.18.60.247,,,,,,,
EQUIPMENT,eq-nmp-stu-248,NMP - Other - ARC PLUS SL (AT STUDIO),,,ARC PLUS SL (AT STUDIO),,,,,,,10.18.60.248,,,,,,,
EQUIPMENT,eq-nmp-stu-249,NMP - Network - Deer Point WiFi,,,Deer Point WiFi,,,,,,,10.18.60.249,,,,,,,
EQUIPMENT,eq-mid-148,MID - Audio Processor - OMNIA,,,OMNIA,,,,,,,10.82.60.148,http://69.9.63.150:45002,,,"Internal Port: 7300, External Port: 45002",,,
EQUIPMENT,eq-mid-170,MID - Other - RDS,,,RDS,,,,,,,10.82.60.170,http://69.9.63.150:45003,,,"Internal Port: 10002, External Port: 45003",,,
EQUIPMENT,eq-mid-246,MID - Other - BURK,,,BURK,,,,,,,10.82.60.246,http://69.9.63.150:45000,,,"Internal Port: 45000, External Port: 45000",,,
EQUIPMENT,eq-mid-180,MID - Cameras - CAM,,,CAM,,,,,,,10.82.60.180,http://69.9.63.150:45004,ubnt,"Password: 7777, Internal Port: 80, External Port: 45004",,,
EQUIPMENT,eq-mid-160,MID - Transmitter - 106.3 TRANS,,,106.3 TRANS,,,,,,,10.82.60.160,,,"Internal Port: 1063, External Port: 1063",,,
EQUIPMENT,eq-mid-30,MID - Network - ROUTER,,,ROUTER,,,,,,,10.82.60.30,,engineering,"Password: Frenchjohn101",,,
EQUIPMENT,eq-mid-250,MID - Computer - COMPUTER,,,COMPUTER,,,,,,,10.82.60.250,,,,,,,
EQUIPMENT,eq-dp-196,DP - STL - zip one-3,,,zip one-3,,,,,,,10.81.60.196,http://204.98.102.137:45000,admin,"Password: (none), External Port: 45000",,,
EQUIPMENT,eq-dp-197,DP - STL - zip one-4,,,zip one-4,,,,,,,10.81.60.197,http://204.98.102.137:45001,admin,"Password: (none), External Port: 45001",,,
EQUIPMENT,eq-dp-198,DP - STL - zip one-6,,,zip one-6,,,,,,,10.81.60.198,http://204.98.102.137:45002,admin,"Password: (none), External Port: 45002",,,
EQUIPMENT,eq-dp-30,DP - Network - ROUTER,,,ROUTER,,,,,,,10.81.60.30,,engineering,"Password: (mustard), Internal/External Ports: 80,443",,,
EQUIPMENT,eq-dp-200,DP - Computer - PC,,,PC,,,,,,,10.81.60.200,,,,,,,
EQUIPMENT,eq-clay-30,CLAY - Network - Edge Router,,,Edge Router,,,,,,,10.82.60.30,,engineering,"Password: (mustard)",,,
EQUIPMENT,eq-clay-220,CLAY - Transmitter - Nautel,,,Nautel,,,,,,,10.82.60.220,http://204.98.102.155:45003,Nautel,"Password: (mustard), External Port: 45003",,,
EQUIPMENT,eq-clay-221,CLAY - Audio Processor - Aaron 650,,,Aaron 650,,,,,,,10.82.60.221,http://204.98.102.155:45004,admin,"Password: 7777, External Port: 45004",,,
EQUIPMENT,eq-clay-250,CLAY - Other - Burk X-300,,,Burk X-300,,,,,,,10.82.60.250,http://204.98.102.155:45000,admin,"Password: (mustard), Internal Port: 80, 45002, External Port: 45000, 45002",,,
EQUIPMENT,eq-jerb-30,JERB - Network - Edge Router,,,Edge Router,,,,,,,10.91.60.30,,engineering,"Password: (tower)",,,
EQUIPMENT,eq-jerb-160,JERB - Other - 1021 RDS,,,1021 RDS,,,,,,,10.91.60.160,http://76.8.3.26:45001,,,"Internal Port: 10001, External Port: 45001",,,
EQUIPMENT,eq-jerb-161,JERB - Other - 927 RDS,,,927 RDS,,,,,,,10.91.60.161,http://76.8.3.26:45002,admin,"Password: 7777, Internal Port: 10002, External Port: 45002",,,
EQUIPMENT,eq-jerb-200,JERB - Computer - PC,,,PC,,,,,,,10.91.60.200,http://76.8.3.26:45004,,,"Password: (tower), Internal Port: 5900, External Port: 45004",,,
EQUIPMENT,eq-jerb-220,JERB - Audio Processor - 1021 Omnia,,,1021 Omnia,,,,,,,10.91.60.220,telnet://76.8.3.26:45005,,,"Internal Port: 23, External Port: 45005",,,
EQUIPMENT,eq-jerb-221,JERB - Audio Processor - 927 Omnia,,,927 Omnia,,,,,,,10.91.60.221,telnet://76.8.3.26:45006,,,"Internal Port: 23, External Port: 45006",,,
EQUIPMENT,eq-jerb-231,JERB - STL - HD Link,,,HD Link,,,,,,,10.91.60.231,http://76.8.3.26:45007,,,"External Port: 45007",,,
EQUIPMENT,eq-jerb-240,JERB - Transmitter - Nautel HD TX,,,Nautel HD TX,,,,,,,10.91.60.240,http://76.8.3.26:45008,Nautel,"Password: clay, External Port: 45008",,,
EQUIPMENT,eq-jerb-241,JERB - Other - Exporter,,,Exporter,,,,,,,10.91.60.241,http://76.8.3.26:2323,,,"Internal Port: 2323, External Port: 2323",,,
EQUIPMENT,eq-jerb-250,JERB - Other - remote,,,remote,,,,,,,10.91.60.250,http://76.8.3.26:45003,admin,"Password: (tower), External Port: 45003",,,
EQUIPMENT,eq-pic-30,PIC - Network - Edge Router,,,Edge Router,,,,,,,10.92.60.30,,engineering,"Password: clay",,,
EQUIPMENT,eq-pic-200,PIC - Computer - PC,,,PC,,,,,,,10.92.60.200,http://76.8.7.78:45005,,,"Password: (tower), Internal Port: 5900, External Port: 45005",,,
EQUIPMENT,eq-pic-221,PIC - Audio Processor - 1047 BW Proc,,,1047 BW Proc,,,,,,,10.92.60.221,http://76.8.7.78:45004,,,"Internal Port: 1270, External Port: 45004",,,
EQUIPMENT,eq-pic-251,PIC - Other - Remote,,,Remote,,,,,,,10.92.60.251,http://76.8.7.78:45007,engineering,"Password: clay, External Port: 45007",,,
EQUIPMENT,eq-pic-100,PIC - Cameras - camera,,,camera,,,,,,,10.92.60.100,,engineering,"Password: clay",,,
EQUIPMENT,eq-pic-160,PIC - Other - kikx rds,,,kikx rds,,,,,,,10.92.60.160,http://76.8.7.78:45003,,,"External Port: 45003",,,
EQUIPMENT,eq-pic-2,PIC - Network - wifi,,,wifi,,,,,,,10.92.60.2,,,,,,,
EQUIPMENT,eq-pic-210,PIC - Exciter - kxcd exciter,,,kxcd exciter,,,,,,,10.92.60.210,http://76.8.7.78:45009,gates,"Password: administrator, External Port: 45009",,,
EQUIPMENT,eq-pic-211,PIC - Transmitter - kxcd tx,,,kxcd tx,,,,,,,10.92.60.211,http://76.8.7.78:45010,gates,"Password: administrator, External Port: 45010",,,
EQUIPMENT,eq-twn-biz-1,TWN - Network - TWF AP,,,TWF AP,,,,,,,10.19.50.1,,,,,,,
EQUIPMENT,eq-twn-biz-2,TWN - Network - TWF AP,,,TWF AP,,,,,,,10.19.50.2,,,,,,,
EQUIPMENT,eq-twn-biz-5,TWN - Network - TWF SALES Shared DRIVE,,,TWF SALES Shared DRIVE,,,,,,,10.19.50.5,,,,,,,
EQUIPMENT,eq-twn-biz-20,TWN - Computer - Traffic- Marketron,,,Traffic- Marketron,,,,,,,10.19.50.20,,,,,,,
EQUIPMENT,eq-twn-biz-30,TWN - Network - PF SENSE,,,PF SENSE,,,,,,,10.19.50.30,,,,,,,
EQUIPMENT,eq-twn-biz-32,TWN - Network - Lynksys ?,,,Lynksys ?,,,,,,,10.19.50.32,,,,,,,
EQUIPMENT,eq-twn-biz-55,TWN - Other - Konika Printer,,,Konika Printer,,,,,,,10.19.50.55,,,,,,,
EQUIPMENT,eq-twn-biz-56,TWN - Other - Market Manager Printer,,,Market Manager Printer,,,,,,,10.19.50.56,,,,,,,
EQUIPMENT,eq-twn-biz-70,TWN - Computer - TWF Ubiquti NVR,,,TWF Ubiquti NVR,,,,,,,10.19.50.70,,,,"Port: 7443",,,
EQUIPMENT,eq-twn-biz-107,TWN - Computer - Front Desk,,,Front Desk,,,,,,,10.19.50.107,,,,,,,
EQUIPMENT,eq-twn-biz-114,TWN - Other - HD Monitor,,,HD Monitor,,,,,,,10.19.50.114,,,,,,,
EQUIPMENT,eq-twn-biz-115,TWN - Network - Be Sure Router,,,Be Sure Router,,,,,,,10.19.50.115,,,,,,,
EQUIPMENT,eq-twn-biz-124,TWN - Computer - Matt Workstation,,,Matt Workstation,,,,,,,10.19.50.124,,,,,,,
EQUIPMENT,eq-twn-biz-156,TWN - Computer - KTPZ Studio,,,KTPZ Studio,,,,,,,10.19.50.156,,,,,,,
EQUIPMENT,eq-twn-stu-1,TWN - Computer - TWF PROD,,,TWF PROD,,,,,,,10.19.60.1,,,,,,,
EQUIPMENT,eq-twn-stu-5,TWN - Network - TWF Prod Drive,,,TWF Prod Drive,,,,,,,10.19.60.5,,,,,,,
EQUIPMENT,eq-twn-stu-12,TWN - Computer - IRG-KWYD-APD (BOOKER PC),,,IRG-KWYD-APD (BOOKER PC),,,,,,,10.19.60.12,,,,,,,
EQUIPMENT,eq-twn-stu-20,TWN - Computer - IMG-TWF-TRAFFIC,,,IMG-TWF-TRAFFIC,,,,,,,10.19.60.20,,,,,,,
EQUIPMENT,eq-twn-stu-30,TWN - Network - PF Sense,,,PF Sense,,,,,,,10.19.60.30,,,,,,,
EQUIPMENT,eq-twn-stu-35,TWN - Other - KEY FOB SYSTEM,,,KEY FOB SYSTEM,,,,,,,10.19.60.35,,,,,,,
EQUIPMENT,eq-twn-stu-60,TWN - Other - IMG-TWF-XPOINT,,,IMG-TWF-XPOINT,,,,,,,10.19.60.60,,,,,,,
EQUIPMENT,eq-twn-stu-61,TWN - Computer - KTPZ PlayLIST,,,KTPZ PlayLIST,,,,,,,10.19.60.61,,,,,,,
EQUIPMENT,eq-twn-stu-62,TWN - Computer - Playlist Editor-Engineering,,,Playlist Editor-Engineering,,,,,,,10.19.60.62,,,,,,,
EQUIPMENT,eq-twn-stu-63,TWN - Computer - IMG-TWF-KTPZ-PD (Joey),,,IMG-TWF-KTPZ-PD (Joey),,,,,,,10.19.60.63,,,,,,,
EQUIPMENT,eq-twn-stu-120,TWN - Network - Switch 0,,,Switch 0,,,,,,,10.19.60.120,,,,,,,
EQUIPMENT,eq-twn-stu-121,TWN - Network - Switch 1,,,Switch 1,,,,,,,10.19.60.121,,,,,,,
EQUIPMENT,eq-twn-stu-122,TWN - Network - Switch 2,,,Switch 2,,,,,,,10.19.60.122,,,,,,,
EQUIPMENT,eq-twn-stu-125,TWN - Computer - Importer,,,Importer,,,,,,,10.19.60.125,,,,,,,
EQUIPMENT,eq-twn-stu-128,TWN - Other - XDS Pro4Q,,,XDS Pro4Q,,,,,,,10.19.60.128,,,,,,,
EQUIPMENT,eq-twn-stu-129,TWN - Other - XDS Pro,,,XDS Pro,,,,,,,10.19.60.129,,,,,,,
EQUIPMENT,eq-twn-stu-130,TWN - Other - Sage Endec,,,Sage Endec,,,,,,,10.19.60.130,,,,,,,
EQUIPMENT,eq-twn-stu-131,TWN - Other - DaySequerra 1,,,DaySequerra 1,,,,,,,10.19.60.131,,,,,,,
EQUIPMENT,eq-twn-stu-132,TWN - Other - DaySequerra Tuner 2,,,DaySequerra Tuner 2,,,,,,,10.19.60.132,,,,,,,
EQUIPMENT,eq-twn-stu-133,TWN - Other - Silence Sense,,,Silence Sense,,,,,,,10.19.60.133,,,,,,,
EQUIPMENT,eq-twn-stu-134,TWN - STL - Harris HD STL,,,Harris HD STL,,,,,,,10.19.60.134,,,,,,,
EQUIPMENT,eq-twn-stu-135,TWN - Transmitter - 95.1 TX,,,95.1 TX,,,,,,,10.19.60.135,,,,,,,
EQUIPMENT,eq-twn-stu-136,TWN - Transmitter - 105.1 TX,,,105.1 TX,,,,,,,10.19.60.136,,,,,,,
EQUIPMENT,eq-twn-stu-140,TWN - Other - Aaron 650,,,Aaron 650,,,,,,,10.19.60.140,,,,,,,
EQUIPMENT,eq-twn-stu-155,TWN - Computer - Studio1- INT-PC (TWF-KIRQ-INT-PC),,,Studio1- INT-PC (TWF-KIRQ-INT-PC),,,,,,,10.19.60.155,,,,,,,
EQUIPMENT,eq-twn-stu-156,TWN - Computer - Studio2- INT-PC (TWF-PROD-INT-PC),,,Studio2- INT-PC (TWF-PROD-INT-PC),,,,,,,10.19.60.156,,,,,,,
EQUIPMENT,eq-twn-stu-157,TWN - Computer - Studio3- INT-PC (KYUN-INT-PC),,,Studio3- INT-PC (KYUN-INT-PC),,,,,,,10.19.60.157,,,,,,,
EQUIPMENT,eq-twn-stu-163,TWN - Computer - TWF-Ingest-SVR,,,TWF-Ingest-SVR,,,,,,,10.19.60.163,,,,,,,
EQUIPMENT,eq-twn-stu-165,TWN - Computer - IRG-TWF-Stream Box,,,IRG-TWF-Stream Box,,,,,,,10.19.60.165,,,,,,,
EQUIPMENT,eq-twn-stu-166,TWN - Other - iRock RDS,,,iRock RDS,,,,,,,10.19.60.166,,,,,,,
EQUIPMENT,eq-twn-stu-167,TWN - Other - KIRQ RDS,,,KIRQ RDS,,,,,,,10.19.60.167,,,,,,,
EQUIPMENT,eq-twn-stu-168,TWN - Other - Breeze RDS,,,Breeze RDS,,,,,,,10.19.60.168,,,,,,,
EQUIPMENT,eq-twn-stu-170,TWN - Computer - WO-TWF-CS,,,WO-TWF-CS,,,,,,,10.19.60.170,,,,,,,
EQUIPMENT,eq-twn-stu-171,TWN - Computer - WO-KIRQ-FM,,,WO-KIRQ-FM,,,,,,,10.19.60.171,,,,,,,
EQUIPMENT,eq-twn-stu-172,TWN - Computer - WO-KYUN-FM,,,WO-KYUN-FM,,,,,,,10.19.60.172,,,,,,,
EQUIPMENT,eq-twn-stu-173,TWN - Computer - WO-KYUN-HD2,,,WO-KYUN-HD2,,,,,,,10.19.60.173,,,,,,,
EQUIPMENT,eq-twn-stu-174,TWN - Computer - WO-KTPZ-FM,,,WO-KTPZ-FM,,,,,,,10.19.60.174,,,,,,,
EQUIPMENT,eq-twn-stu-175,TWN - Computer - WO-KYUN-HD3,,,WO-KYUN-HD3,,,,,,,10.19.60.175,,,,,,,